{
  "farClipRatio": 20.0,
  "fov": 45.0,
  "nearClipRatio": 0.005,
  "projectionMode": "Perspective",
  "viewMat": [
    0.99999988079071,
    -5.89352566748857e-10,
    -1.10594555735588e-07,
    -1.2378214597702,
    -6.89178705215454e-08,
    0.891952037811279,
    -0.452130168676376,
    -0.158852979540825,
    5.82076609134674e-08,
    0.452130377292633,
    0.891952395439148,
    -2.58306384086609,
    0.0,
    0.0,
    0.0,
    1.0
  ],
  "windowHeight": 516,
  "windowWidth": 1280
}