{
  "farClipRatio": 20.0,
  "fov": 45.0,
  "nearClipRatio": 0.005,
  "projectionMode": "Perspective",
  "viewMat": [
    0.00204597599804401,
    -1.19325704872608e-09,
    -0.999996662139893,
    3.48849487304688,
    -0.392735809087753,
    0.919651031494141,
    -0.000803463743068278,
    0.811404228210449,
    0.919648885726929,
    0.392736673355103,
    0.001881442964077,
    -12.5499753952026,
    0.0,
    0.0,
    0.0,
    1.0
  ],
  "windowHeight": 1080,
  "windowWidth": 1920
}