{
  "farClipRatio": 20.0,
  "fov": 45.0,
  "nearClipRatio": 0.005,
  "projectionMode": "Perspective",
  "viewMat": [
    -0.999921500682831,
    -1.04046193882823e-09,
    -0.0124248266220093,
    3.53887963294983,
    -0.00479488214477897,
    0.922534883022308,
    0.385883897542953,
    -1.90844631195068,
    0.011462340131402,
    0.385913670063019,
    -0.922463238239288,
    -6.11564636230469,
    0.0,
    0.0,
    0.0,
    1.0
  ],
  "windowHeight": 1080,
  "windowWidth": 1920
}