{
  "farClipRatio": 20.0,
  "fov": 45.0,
  "nearClipRatio": 0.005,
  "projectionMode": "Perspective",
  "viewMat": [
    0.999945402145386,
    1.45519152283669e-11,
    0.0104166548699141,
    -3.46171832084656,
    0.000808346085250378,
    0.996984660625458,
    -0.0775970593094826,
    -1.45579504966736,
    -0.0103851919993758,
    0.0776012539863586,
    0.996930360794067,
    -6.07004165649414,
    0.0,
    0.0,
    0.0,
    1.0
  ],
  "windowHeight": 1080,
  "windowWidth": 1920
}