{
  "farClipRatio": 20.0,
  "fov": 45.0,
  "nearClipRatio": 0.005,
  "projectionMode": "Perspective",
  "viewMat": [
    1.0,
    0.0,
    0.0,
    -1.25,
    0.0,
    0.997785091400146,
    -0.0665190070867538,
    -0.465633064508438,
    0.0,
    0.0665190070867538,
    0.997785091400146,
    -2.4431746006012,
    0.0,
    0.0,
    0.0,
    1.0
  ],
  "windowHeight": 516,
  "windowWidth": 1280
}